INSERT INTO avtor(id_avtor,avtor) VALUES (1,'NE VEM');
INSERT INTO avtor(id_avtor,avtor) VALUES (2,'ACHEBE CHINUA');
INSERT INTO avtor(id_avtor,avtor) VALUES (3,'ADAMLJE BOGATAJ');
INSERT INTO avtor(id_avtor,avtor) VALUES (4,'ADAMS DOUGLAS');
INSERT INTO avtor(id_avtor,avtor) VALUES (5,'ADLER IRVING');
INSERT INTO avtor(id_avtor,avtor) VALUES (6,'ADRIANO CINGOLANI');
INSERT INTO avtor(id_avtor,avtor) VALUES (7,'AGNON ŠMUEL JOSEF');
INSERT INTO avtor(id_avtor,avtor) VALUES (8,'AJTMATOV ČINGIZ');
INSERT INTO avtor(id_avtor,avtor) VALUES (10,'ALLENDE ISABEL');
INSERT INTO avtor(id_avtor,avtor) VALUES (11,'AMBROŽ CIRIL');
INSERT INTO avtor(id_avtor,avtor) VALUES (12,'AMIN SAMIR');
INSERT INTO avtor(id_avtor,avtor) VALUES (13,'AMIRREZVANI ANITA');
INSERT INTO avtor(id_avtor,avtor) VALUES (15,'AMMANITI NICCOLO');
INSERT INTO avtor(id_avtor,avtor) VALUES (17,'AMZS');
INSERT INTO avtor(id_avtor,avtor) VALUES (19,'ANDERSEN HANS CHRISTIAN');
INSERT INTO avtor(id_avtor,avtor) VALUES (20,'ANDERSON LENA');
INSERT INTO avtor(id_avtor,avtor) VALUES (21,'ANDRIĆ IVO');
INSERT INTO avtor(id_avtor,avtor) VALUES (22,'ANTON SLODNJAK');
INSERT INTO avtor(id_avtor,avtor) VALUES (23,'APOLLONIO UMBRO');
INSERT INTO avtor(id_avtor,avtor) VALUES (24,'ARENDT HANNAH');
INSERT INTO avtor(id_avtor,avtor) VALUES (25,'ARH FRANC');
INSERT INTO avtor(id_avtor,avtor) VALUES (26,'ARSAN EMMANUELLE');
INSERT INTO avtor(id_avtor,avtor) VALUES (27,'AŠIČ SIMON');
INSERT INTO avtor(id_avtor,avtor) VALUES (28,'AŠKERC ANTON');
INSERT INTO avtor(id_avtor,avtor) VALUES (30,'ATWOOD MARGARET');
INSERT INTO avtor(id_avtor,avtor) VALUES (31,'ATXAGA BERNARDO');
INSERT INTO avtor(id_avtor,avtor) VALUES (32,'AUBIER CATHERINE');
INSERT INTO avtor(id_avtor,avtor) VALUES (34,'AUEL JEAN');
INSERT INTO avtor(id_avtor,avtor) VALUES (35,'BADIOU ALAIN');
INSERT INTO avtor(id_avtor,avtor) VALUES (36,'BALES, TRODD, KENT WILLIAMSON');
INSERT INTO avtor(id_avtor,avtor) VALUES (37,'BALLARIN ALESSANDRO');
INSERT INTO avtor(id_avtor,avtor) VALUES (38,'BALLUCH MARTIN');
INSERT INTO avtor(id_avtor,avtor) VALUES (39,'BALZAC HONORE');
INSERT INTO avtor(id_avtor,avtor) VALUES (40,'BAMBECK WOLTERS');
INSERT INTO avtor(id_avtor,avtor) VALUES (41,'BANVILLE JOHN');
INSERT INTO avtor(id_avtor,avtor) VALUES (42,'BAR ELVIRE');
INSERT INTO avtor(id_avtor,avtor) VALUES (43,'BARICCO ALESSANDRO');
INSERT INTO avtor(id_avtor,avtor) VALUES (44,'BARRIE, HESS');
INSERT INTO avtor(id_avtor,avtor) VALUES (45,'BARTHES RONALD');
INSERT INTO avtor(id_avtor,avtor) VALUES (46,'BAUM FRANK');
INSERT INTO avtor(id_avtor,avtor) VALUES (47,'BAUMGART KLAUS');
INSERT INTO avtor(id_avtor,avtor) VALUES (48,'BECKER ROLF, ALEXANDRA');
INSERT INTO avtor(id_avtor,avtor) VALUES (49,'BECKETT SAMUEL');
INSERT INTO avtor(id_avtor,avtor) VALUES (50,'BELLOW SAUL');
INSERT INTO avtor(id_avtor,avtor) VALUES (51,'BENKO VLADIMIR');
INSERT INTO avtor(id_avtor,avtor) VALUES (53,'BERCE SONJA');
INSERT INTO avtor(id_avtor,avtor) VALUES (54,'BERLITZ CHARLES');
INSERT INTO avtor(id_avtor,avtor) VALUES (55,'BERNIK IVAN');
INSERT INTO avtor(id_avtor,avtor) VALUES (57,'BEVK FRANCE');
INSERT INTO avtor(id_avtor,avtor) VALUES (58,'BEVK FRANCE; MANČEK MARJAN');
INSERT INTO avtor(id_avtor,avtor) VALUES (59,'BIBIČ BRATKO');
INSERT INTO avtor(id_avtor,avtor) VALUES (60,'BLACKMORE RICHARD');
INSERT INTO avtor(id_avtor,avtor) VALUES (61,'BLEJEC MARIJAN');
INSERT INTO avtor(id_avtor,avtor) VALUES (62,'BLIXEN KAREN');
INSERT INTO avtor(id_avtor,avtor) VALUES (63,'BLOCH ARTHUR');
INSERT INTO avtor(id_avtor,avtor) VALUES (64,'BODANIS DAVID');
INSERT INTO avtor(id_avtor,avtor) VALUES (66,'BOLL HEINRICH');
INSERT INTO avtor(id_avtor,avtor) VALUES (67,'BONAR ANN');
INSERT INTO avtor(id_avtor,avtor) VALUES (68,'BOR MATEJ');
INSERT INTO avtor(id_avtor,avtor) VALUES (69,'BOROVNIK SILVIJA');
INSERT INTO avtor(id_avtor,avtor) VALUES (70,'BOULTON MARJORIE');
INSERT INTO avtor(id_avtor,avtor) VALUES (71,'BOŽIČ, WEBER');
INSERT INTO avtor(id_avtor,avtor) VALUES (72,'BRADLEY COURTIER');
INSERT INTO avtor(id_avtor,avtor) VALUES (73,'BRAND RUSSELL');
INSERT INTO avtor(id_avtor,avtor) VALUES (74,'BRAUER SIGRID');
INSERT INTO avtor(id_avtor,avtor) VALUES (75,'BREE ALMUT');
INSERT INTO avtor(id_avtor,avtor) VALUES (76,'BREZNIK MAJA');
INSERT INTO avtor(id_avtor,avtor) VALUES (78,'BRONTE CHARLOTTE');
INSERT INTO avtor(id_avtor,avtor) VALUES (79,'BUČAR FRANCE');
INSERT INTO avtor(id_avtor,avtor) VALUES (80,'BUČEVIĆ KUNC');
INSERT INTO avtor(id_avtor,avtor) VALUES (81,'BUCK PEARL S.');
INSERT INTO avtor(id_avtor,avtor) VALUES (82,'BUKOWSKI CHARLES');
INSERT INTO avtor(id_avtor,avtor) VALUES (85,'BUNC STAKO');
INSERT INTO avtor(id_avtor,avtor) VALUES (86,'BUNIN IVAN ALEKSEJEVIČ');
INSERT INTO avtor(id_avtor,avtor) VALUES (87,'BURGER GOTTFRIED AUGUST');
INSERT INTO avtor(id_avtor,avtor) VALUES (88,'BURROUGHS EDGAR RICE');
INSERT INTO avtor(id_avtor,avtor) VALUES (89,'BUSCHER GUSTAV');
INSERT INTO avtor(id_avtor,avtor) VALUES (90,'BUSIGNANI ALBERTO');
INSERT INTO avtor(id_avtor,avtor) VALUES (91,'BUTLER; MACNAUGHTON');
INSERT INTO avtor(id_avtor,avtor) VALUES (92,'CAMPAGNE CLAUDE');
INSERT INTO avtor(id_avtor,avtor) VALUES (93,'CAMUS ALBERT');
INSERT INTO avtor(id_avtor,avtor) VALUES (99,'CANKAR IVAN');
INSERT INTO avtor(id_avtor,avtor) VALUES (100,'CAPUDER ANDREJ');
INSERT INTO avtor(id_avtor,avtor) VALUES (101,'CARPER JEAN');
INSERT INTO avtor(id_avtor,avtor) VALUES (103,'CARRE JOHN');
INSERT INTO avtor(id_avtor,avtor) VALUES (104,'CARTER ANGELA');
INSERT INTO avtor(id_avtor,avtor) VALUES (105,'CASSOU JEAN');
INSERT INTO avtor(id_avtor,avtor) VALUES (106,'CAT NANCY');
INSERT INTO avtor(id_avtor,avtor) VALUES (107,'ČECH PAVEL');
INSERT INTO avtor(id_avtor,avtor) VALUES (108,'CELA JAUME');
INSERT INTO avtor(id_avtor,avtor) VALUES (109,'ČELIK PAVLE');
INSERT INTO avtor(id_avtor,avtor) VALUES (110,'CENDRARS BLAISE');
INSERT INTO avtor(id_avtor,avtor) VALUES (111,'CERAM');
INSERT INTO avtor(id_avtor,avtor) VALUES (115,'CERVANTES SAAVEDRA MIGUEL');
INSERT INTO avtor(id_avtor,avtor) VALUES (116,'CESAIRE AIME');
INSERT INTO avtor(id_avtor,avtor) VALUES (117,'CHARRIERE HENRI');
INSERT INTO avtor(id_avtor,avtor) VALUES (118,'CHE GUEVARA ERNESTO');
INSERT INTO avtor(id_avtor,avtor) VALUES (119,'CHEVALIER TRACY');
INSERT INTO avtor(id_avtor,avtor) VALUES (120,'CHION MICHEL');
INSERT INTO avtor(id_avtor,avtor) VALUES (121,'CHOMSKY NOAM');
INSERT INTO avtor(id_avtor,avtor) VALUES (122,'CHRISTIE AGATHA');
INSERT INTO avtor(id_avtor,avtor) VALUES (123,'CHURCHILL WINSTON SPENCER');
INSERT INTO avtor(id_avtor,avtor) VALUES (125,'ČIBEJ JOŽE ANDREJ');
INSERT INTO avtor(id_avtor,avtor) VALUES (127,'ČKZ');
INSERT INTO avtor(id_avtor,avtor) VALUES (128,'CLARKE ARTHUR');
INSERT INTO avtor(id_avtor,avtor) VALUES (129,'CLEZIO JEAN');
INSERT INTO avtor(id_avtor,avtor) VALUES (130,'COBEN HARLAN');
INSERT INTO avtor(id_avtor,avtor) VALUES (132,'COLEMAN LONNIE');
INSERT INTO avtor(id_avtor,avtor) VALUES (133,'COLETTE SIDONIE GABRIELLE');
INSERT INTO avtor(id_avtor,avtor) VALUES (134,'COLNARIČ VRABL');
INSERT INTO avtor(id_avtor,avtor) VALUES (135,'COLOROSO BARBARA');
INSERT INTO avtor(id_avtor,avtor) VALUES (136,'CONRAD JOSEPH');
INSERT INTO avtor(id_avtor,avtor) VALUES (137,'ČOPIČ BRANKO');
INSERT INTO avtor(id_avtor,avtor) VALUES (138,'CORMAN EVERY');
INSERT INTO avtor(id_avtor,avtor) VALUES (139,'CORTATAR JULIO');
INSERT INTO avtor(id_avtor,avtor) VALUES (140,'COSCARELLI KATE');
INSERT INTO avtor(id_avtor,avtor) VALUES (141,'COWIE');
INSERT INTO avtor(id_avtor,avtor) VALUES (143,'CRONIN');
INSERT INTO avtor(id_avtor,avtor) VALUES (144,'CROUCH COLIN');
INSERT INTO avtor(id_avtor,avtor) VALUES (145,'DALI SALVADOR');
INSERT INTO avtor(id_avtor,avtor) VALUES (146,'DALMATIN JURIJ');
INSERT INTO avtor(id_avtor,avtor) VALUES (147,'DANELLA UTTA');
INSERT INTO avtor(id_avtor,avtor) VALUES (148,'DANTE ALIGHIERI');
INSERT INTO avtor(id_avtor,avtor) VALUES (149,'DARKO AMMA');
INSERT INTO avtor(id_avtor,avtor) VALUES (151,'DEBELAK MATEJA');
INSERT INTO avtor(id_avtor,avtor) VALUES (152,'DEBENJAK DORIS');
INSERT INTO avtor(id_avtor,avtor) VALUES (154,'DEFOE DANIEL');
INSERT INTO avtor(id_avtor,avtor) VALUES (155,'DEIGHTON LEN');
INSERT INTO avtor(id_avtor,avtor) VALUES (156,'DELEDDA GRAZIA');
INSERT INTO avtor(id_avtor,avtor) VALUES (157,'DEPETRILLO BART');
INSERT INTO avtor(id_avtor,avtor) VALUES (158,'DESTOVNIK KAJUH KAREL');
INSERT INTO avtor(id_avtor,avtor) VALUES (159,'DIABY MOHAMED');
INSERT INTO avtor(id_avtor,avtor) VALUES (160,'DICAMILLO KATE');
INSERT INTO avtor(id_avtor,avtor) VALUES (162,'DICKENS CHARLES');
INSERT INTO avtor(id_avtor,avtor) VALUES (165,'DISNEY WALT');
INSERT INTO avtor(id_avtor,avtor) VALUES (166,'DOLAR MLADEN');
INSERT INTO avtor(id_avtor,avtor) VALUES (167,'DOLINAR BRANE');
INSERT INTO avtor(id_avtor,avtor) VALUES (168,'DOMINIC MARC');
INSERT INTO avtor(id_avtor,avtor) VALUES (169,'DORING ILSE');
INSERT INTO avtor(id_avtor,avtor) VALUES (170,'DORNEMANN LUISE');
INSERT INTO avtor(id_avtor,avtor) VALUES (171,'DOSTOJEVSKI FJODOR');
INSERT INTO avtor(id_avtor,avtor) VALUES (172,'DOWNES ROCK');
INSERT INTO avtor(id_avtor,avtor) VALUES (173,'DRAGO BAJT');
INSERT INTO avtor(id_avtor,avtor) VALUES (174,'DRAGOŠ SREČO LESKOŠEK VESNA');
INSERT INTO avtor(id_avtor,avtor) VALUES (175,'DRENOVEC FRANČEK');
INSERT INTO avtor(id_avtor,avtor) VALUES (176,'DUBOIS');
INSERT INTO avtor(id_avtor,avtor) VALUES (177,'DURRENMAT FRIEDERICH');
INSERT INTO avtor(id_avtor,avtor) VALUES (180,'DUŠAN LIPOVEC');
INSERT INTO avtor(id_avtor,avtor) VALUES (181,'EARLE JO');
INSERT INTO avtor(id_avtor,avtor) VALUES (182,'ECO UMBERTO');
INSERT INTO avtor(id_avtor,avtor) VALUES (183,'ELIOT THOMAS STEARNS');
INSERT INTO avtor(id_avtor,avtor) VALUES (184,'ELLERT GERHARD');
INSERT INTO avtor(id_avtor,avtor) VALUES (185,'ENGLES PLEHANOV');
INSERT INTO avtor(id_avtor,avtor) VALUES (186,'ERDRICH LOUISE');
INSERT INTO avtor(id_avtor,avtor) VALUES (187,'EUCKEN RUDOLF CHISTOPH');
INSERT INTO avtor(id_avtor,avtor) VALUES (188,'EVANS CHRISTOPHER');
INSERT INTO avtor(id_avtor,avtor) VALUES (189,'EXLEY HELEN');
INSERT INTO avtor(id_avtor,avtor) VALUES (190,'FAJFAR METKA');
INSERT INTO avtor(id_avtor,avtor) VALUES (191,'FATUR SLAVKO');
INSERT INTO avtor(id_avtor,avtor) VALUES (192,'FEZZI ELDA');
INSERT INTO avtor(id_avtor,avtor) VALUES (193,'FIGGIS MIKE');
INSERT INTO avtor(id_avtor,avtor) VALUES (194,'FILIP JURKOVIČA');
INSERT INTO avtor(id_avtor,avtor) VALUES (195,'FILIPIČ FRANCE');
INSERT INTO avtor(id_avtor,avtor) VALUES (196,'FINEGAN DEREK');
INSERT INTO avtor(id_avtor,avtor) VALUES (197,'FIRM VLADO');
INSERT INTO avtor(id_avtor,avtor) VALUES (198,'FISCHER MARIE LOUISE');
INSERT INTO avtor(id_avtor,avtor) VALUES (199,'FLANAGAN RICHARD');
INSERT INTO avtor(id_avtor,avtor) VALUES (201,'FLISAR EVALD');
INSERT INTO avtor(id_avtor,avtor) VALUES (204,'FOUCAULT MICHEL');
INSERT INTO avtor(id_avtor,avtor) VALUES (205,'FOURRIER MIGNONAC');
INSERT INTO avtor(id_avtor,avtor) VALUES (206,'FOWLES JOHN');
INSERT INTO avtor(id_avtor,avtor) VALUES (207,'FRANCA MARIJA');
INSERT INTO avtor(id_avtor,avtor) VALUES (208,'FREEMAN CYNTHIA');
INSERT INTO avtor(id_avtor,avtor) VALUES (209,'FREETH NICE');
INSERT INTO avtor(id_avtor,avtor) VALUES (211,'FUENTES CARLOS');
INSERT INTO avtor(id_avtor,avtor) VALUES (212,'FULGA LAURENTIU');
INSERT INTO avtor(id_avtor,avtor) VALUES (213,'FUNKE CORNELIA');
INSERT INTO avtor(id_avtor,avtor) VALUES (214,'FURTH ROBIN');
INSERT INTO avtor(id_avtor,avtor) VALUES (215,'GABI ĆAČINOVIČ');
INSERT INTO avtor(id_avtor,avtor) VALUES (216,'GABOROVIČ NADA');
INSERT INTO avtor(id_avtor,avtor) VALUES (217,'GAGERN FRIDERIK');
INSERT INTO avtor(id_avtor,avtor) VALUES (218,'GAINES ERNEST');
INSERT INTO avtor(id_avtor,avtor) VALUES (221,'GALSWORTHY JOHN');
INSERT INTO avtor(id_avtor,avtor) VALUES (224,'GARCIA MARQUEZ GABRIEL');
INSERT INTO avtor(id_avtor,avtor) VALUES (225,'GATT GIUSEPPE');
INSERT INTO avtor(id_avtor,avtor) VALUES (226,'GERMAIN EDWARD');
INSERT INTO avtor(id_avtor,avtor) VALUES (227,'GIBRAN KAHLIL');
INSERT INTO avtor(id_avtor,avtor) VALUES (228,'GILLETT RICHARD');
INSERT INTO avtor(id_avtor,avtor) VALUES (229,'GINSBERG ALLEN');
INSERT INTO avtor(id_avtor,avtor) VALUES (230,'GINZBURG JEVGENIJA');
INSERT INTO avtor(id_avtor,avtor) VALUES (231,'GJELLERUP KARL');
INSERT INTO avtor(id_avtor,avtor) VALUES (232,'GLEICK JAMES');
INSERT INTO avtor(id_avtor,avtor) VALUES (233,'GODINA FERDO');
INSERT INTO avtor(id_avtor,avtor) VALUES (236,'GOLDING WILLIAM');
INSERT INTO avtor(id_avtor,avtor) VALUES (238,'GOLOB IZIDOR');
INSERT INTO avtor(id_avtor,avtor) VALUES (239,'GOMBROWICZ WITOLD');
INSERT INTO avtor(id_avtor,avtor) VALUES (240,'GOOCK RONALD');
INSERT INTO avtor(id_avtor,avtor) VALUES (241,'GORDIMER NADINE');
INSERT INTO avtor(id_avtor,avtor) VALUES (242,'GORDON RICHARD');
INSERT INTO avtor(id_avtor,avtor) VALUES (243,'GORES HANS');
INSERT INTO avtor(id_avtor,avtor) VALUES (244,'GORUPIČ BORIS');
INSERT INTO avtor(id_avtor,avtor) VALUES (249,'GRAD ANTON');
INSERT INTO avtor(id_avtor,avtor) VALUES (250,'GRAD ŠKERLJ VITOROVIČ');
INSERT INTO avtor(id_avtor,avtor) VALUES (251,'GRADNIK ALOJZ');
INSERT INTO avtor(id_avtor,avtor) VALUES (253,'GRAEBER DAVID');
INSERT INTO avtor(id_avtor,avtor) VALUES (254,'GRAH DRAGO');
INSERT INTO avtor(id_avtor,avtor) VALUES (255,'GRANT');
INSERT INTO avtor(id_avtor,avtor) VALUES (256,'GREEN JEN');
INSERT INTO avtor(id_avtor,avtor) VALUES (257,'GREENE GRAHAM');
INSERT INTO avtor(id_avtor,avtor) VALUES (258,'GREGOR MANFRED');
INSERT INTO avtor(id_avtor,avtor) VALUES (260,'GREGORČIČ SIMON');
INSERT INTO avtor(id_avtor,avtor) VALUES (261,'GREGORIČIČ MARTA');
INSERT INTO avtor(id_avtor,avtor) VALUES (262,'GREŠAK');
INSERT INTO avtor(id_avtor,avtor) VALUES (264,'GRIMM');
INSERT INTO avtor(id_avtor,avtor) VALUES (265,'GROBELNIK VOJE');
INSERT INTO avtor(id_avtor,avtor) VALUES (266,'GROŠELJ EMA LEILA');
INSERT INTO avtor(id_avtor,avtor) VALUES (267,'GROSSMAN DAVID');
INSERT INTO avtor(id_avtor,avtor) VALUES (268,'GRUNDLER DARKO');
INSERT INTO avtor(id_avtor,avtor) VALUES (269,'HAAS HANSJORG');
INSERT INTO avtor(id_avtor,avtor) VALUES (270,'HAGGARD RIDER');
INSERT INTO avtor(id_avtor,avtor) VALUES (271,'HAINCHELIN');
INSERT INTO avtor(id_avtor,avtor) VALUES (272,'HAMSUN');
INSERT INTO avtor(id_avtor,avtor) VALUES (273,'HAMSUN KNUT');
INSERT INTO avtor(id_avtor,avtor) VALUES (275,'HANDKE PETER');
INSERT INTO avtor(id_avtor,avtor) VALUES (276,'HARDT MICHAEL NEGRI ANTONIO');
INSERT INTO avtor(id_avtor,avtor) VALUES (277,'HARDY THOMAS');
INSERT INTO avtor(id_avtor,avtor) VALUES (278,'HARRIS THOMAS');
INSERT INTO avtor(id_avtor,avtor) VALUES (279,'HAŠEK JAROSLAV');
INSERT INTO avtor(id_avtor,avtor) VALUES (281,'HAUFF WILHELM');
INSERT INTO avtor(id_avtor,avtor) VALUES (282,'HELIODORUS');
INSERT INTO avtor(id_avtor,avtor) VALUES (283,'HELLYER ARTHUR');
INSERT INTO avtor(id_avtor,avtor) VALUES (290,'HEMINGWAY ERNEST');
INSERT INTO avtor(id_avtor,avtor) VALUES (291,'HERCUN D.');
INSERT INTO avtor(id_avtor,avtor) VALUES (294,'HERGE');
INSERT INTO avtor(id_avtor,avtor) VALUES (295,'HERGOLD IVANKA');
INSERT INTO avtor(id_avtor,avtor) VALUES (296,'HERM GERHARD');
INSERT INTO avtor(id_avtor,avtor) VALUES (297,'HERMLIN STEPHAN');
INSERT INTO avtor(id_avtor,avtor) VALUES (298,'HESSE HERMANN');
INSERT INTO avtor(id_avtor,avtor) VALUES (299,'HIGHSMITH PATRICIA');
INSERT INTO avtor(id_avtor,avtor) VALUES (300,'HILL GRAHAME');
INSERT INTO avtor(id_avtor,avtor) VALUES (303,'HOFFMANN');
INSERT INTO avtor(id_avtor,avtor) VALUES (305,'HOLABIRD KATHARINE');
INSERT INTO avtor(id_avtor,avtor) VALUES (306,'HOLLOWAY JOHN');
INSERT INTO avtor(id_avtor,avtor) VALUES (307,'HOLMES MOULTON');
INSERT INTO avtor(id_avtor,avtor) VALUES (308,'HOLROYD STUART IN SUSAN');
INSERT INTO avtor(id_avtor,avtor) VALUES (310,'HOMER');
INSERT INTO avtor(id_avtor,avtor) VALUES (312,'HONZAK MOJCA');
INSERT INTO avtor(id_avtor,avtor) VALUES (313,'HORNBACH MICHAEL');
INSERT INTO avtor(id_avtor,avtor) VALUES (314,'HORY LADISLAV');
INSERT INTO avtor(id_avtor,avtor) VALUES (315,'HOWATCH SUSAN');
INSERT INTO avtor(id_avtor,avtor) VALUES (316,'HRABAL BOHUMIL');
INSERT INTO avtor(id_avtor,avtor) VALUES (317,'HUGO VICTOR');
INSERT INTO avtor(id_avtor,avtor) VALUES (319,'HUMAR MARJETA');
INSERT INTO avtor(id_avtor,avtor) VALUES (320,'HUNTER SALLY');
INSERT INTO avtor(id_avtor,avtor) VALUES (321,'HUXLEY ALDOUS');
INSERT INTO avtor(id_avtor,avtor) VALUES (322,'HUYSMANS KARL');
INSERT INTO avtor(id_avtor,avtor) VALUES (323,'IBSEN HENRIK');
INSERT INTO avtor(id_avtor,avtor) VALUES (324,'IGRA S HUDIČEVIM REPOM');
INSERT INTO avtor(id_avtor,avtor) VALUES (326,'INGOLIČ ANTON');
INSERT INTO avtor(id_avtor,avtor) VALUES (327,'JAEGER HENRY');
INSERT INTO avtor(id_avtor,avtor) VALUES (328,'JALEN JANEZ');
INSERT INTO avtor(id_avtor,avtor) VALUES (332,'JANČAR DRAGO');
INSERT INTO avtor(id_avtor,avtor) VALUES (333,'JANUSZ PIEKALKIEWICZ');
INSERT INTO avtor(id_avtor,avtor) VALUES (334,'JAUŠOVEC NORBERT');
INSERT INTO avtor(id_avtor,avtor) VALUES (335,'JAVORŠEK MARIJA');
INSERT INTO avtor(id_avtor,avtor) VALUES (336,'JELČIČ JASMINA');
INSERT INTO avtor(id_avtor,avtor) VALUES (337,'JENEŽ STANKO');
INSERT INTO avtor(id_avtor,avtor) VALUES (338,'JENKO SIMON');
INSERT INTO avtor(id_avtor,avtor) VALUES (339,'JESIH MILAN');
INSERT INTO avtor(id_avtor,avtor) VALUES (340,'JIMENEZ JUAN JIMENEZ');
INSERT INTO avtor(id_avtor,avtor) VALUES (341,'JOHNSON EYVIND');
INSERT INTO avtor(id_avtor,avtor) VALUES (342,'JOHNSON UNA');
INSERT INTO avtor(id_avtor,avtor) VALUES (343,'JOKAI MOR');
INSERT INTO avtor(id_avtor,avtor) VALUES (344,'JONES SHERRY');
INSERT INTO avtor(id_avtor,avtor) VALUES (346,'JONG ERICA');
INSERT INTO avtor(id_avtor,avtor) VALUES (347,'JOVANOVIĆ BERLOT MILICA');
INSERT INTO avtor(id_avtor,avtor) VALUES (348,'JURANIČIČ JANKO');
INSERT INTO avtor(id_avtor,avtor) VALUES (349,'JURCA BRANKA');
INSERT INTO avtor(id_avtor,avtor) VALUES (351,'JURČIČ JOSIP');
INSERT INTO avtor(id_avtor,avtor) VALUES (352,'JURČIČ KERSNIK');
INSERT INTO avtor(id_avtor,avtor) VALUES (353,'KADUNC LIPAR GENIJA');
INSERT INTO avtor(id_avtor,avtor) VALUES (354,'KAFKA');
INSERT INTO avtor(id_avtor,avtor) VALUES (355,'KALČIĆ ŠPELA');
INSERT INTO avtor(id_avtor,avtor) VALUES (356,'KALEB VJEKOSLAV');
INSERT INTO avtor(id_avtor,avtor) VALUES (358,'KALIN GOLOB MONIKA');
INSERT INTO avtor(id_avtor,avtor) VALUES (359,'KALINŠEK FELICITA');
INSERT INTO avtor(id_avtor,avtor) VALUES (360,'KAMINSKI ANDRE');
INSERT INTO avtor(id_avtor,avtor) VALUES (361,'KARDOS GYORGY');
INSERT INTO avtor(id_avtor,avtor) VALUES (362,'KAUFMAN BEL');
INSERT INTO avtor(id_avtor,avtor) VALUES (363,'KAVABATA JASUNARI');
INSERT INTO avtor(id_avtor,avtor) VALUES (364,'KAVČIČ VLADIMIR');
INSERT INTO avtor(id_avtor,avtor) VALUES (365,'KEN BUGUL');
INSERT INTO avtor(id_avtor,avtor) VALUES (366,'KENEALLY THOMAS');
INSERT INTO avtor(id_avtor,avtor) VALUES (367,'KERR');
INSERT INTO avtor(id_avtor,avtor) VALUES (368,'KETTE DRAGOTIN');
INSERT INTO avtor(id_avtor,avtor) VALUES (372,'KING STEPHEN');
INSERT INTO avtor(id_avtor,avtor) VALUES (374,'KLEČ MILAN');
INSERT INTO avtor(id_avtor,avtor) VALUES (375,'KMECL MATJAŽ');
INSERT INTO avtor(id_avtor,avtor) VALUES (376,'KMELC MATJAŽ');
INSERT INTO avtor(id_avtor,avtor) VALUES (378,'KNITTEL JOHN');
INSERT INTO avtor(id_avtor,avtor) VALUES (379,'KOCBEK EDVARD');
INSERT INTO avtor(id_avtor,avtor) VALUES (380,'KOCIPER STANKO');
INSERT INTO avtor(id_avtor,avtor) VALUES (381,'KOLAR VLADIMIR');
INSERT INTO avtor(id_avtor,avtor) VALUES (382,'KOLMANIČ KROLINA');
INSERT INTO avtor(id_avtor,avtor) VALUES (383,'KOMAC');
INSERT INTO avtor(id_avtor,avtor) VALUES (384,'KONC LORENZUTTI NATAŠA');
INSERT INTO avtor(id_avtor,avtor) VALUES (385,'KORDEMSKI BORIS A.');
INSERT INTO avtor(id_avtor,avtor) VALUES (389,'KOS JANKO');
INSERT INTO avtor(id_avtor,avtor) VALUES (390,'KOS-MIKUŠ SVETINA');
INSERT INTO avtor(id_avtor,avtor) VALUES (391,'KOSMAČ CIRIL');
INSERT INTO avtor(id_avtor,avtor) VALUES (392,'KOVAČ TITA');
INSERT INTO avtor(id_avtor,avtor) VALUES (393,'KOVAČOČ TANJA');
INSERT INTO avtor(id_avtor,avtor) VALUES (394,'KOVIČ KAJETAN; REICHMAN JELKA');
INSERT INTO avtor(id_avtor,avtor) VALUES (395,'KOZAR LOJZE');
INSERT INTO avtor(id_avtor,avtor) VALUES (396,'KRALJEVO HORTIKULTURNO ZDRUŽENJE');
INSERT INTO avtor(id_avtor,avtor) VALUES (397,'KRAMBERGER IVAN');
INSERT INTO avtor(id_avtor,avtor) VALUES (401,'KRANJEC MIŠKO');
INSERT INTO avtor(id_avtor,avtor) VALUES (402,'KREČIČ PETER');
INSERT INTO avtor(id_avtor,avtor) VALUES (403,'KREGAR ALEKSANDER');
INSERT INTO avtor(id_avtor,avtor) VALUES (404,'KRIEGER ARNOLD');
INSERT INTO avtor(id_avtor,avtor) VALUES (405,'KRIŽNAR TOMO');
INSERT INTO avtor(id_avtor,avtor) VALUES (406,'KRVINA MINKA');
INSERT INTO avtor(id_avtor,avtor) VALUES (407,'KUHAR ROMAN');
INSERT INTO avtor(id_avtor,avtor) VALUES (408,'KUREISHI HANIF');
INSERT INTO avtor(id_avtor,avtor) VALUES (409,'KURNIK ANDREJ');
INSERT INTO avtor(id_avtor,avtor) VALUES (410,'KUSTIČ ŽIVKO');
INSERT INTO avtor(id_avtor,avtor) VALUES (411,'LAGARDE MICHARD');
INSERT INTO avtor(id_avtor,avtor) VALUES (413,'LAINŠČEK FERI');
INSERT INTO avtor(id_avtor,avtor) VALUES (414,'LAURENCE RAY');
INSERT INTO avtor(id_avtor,avtor) VALUES (415,'LAVRENČIČ LINA');
INSERT INTO avtor(id_avtor,avtor) VALUES (417,'LAWRENCE DAVID HERBERT');
INSERT INTO avtor(id_avtor,avtor) VALUES (418,'LAWRENCE MICHAEL');
INSERT INTO avtor(id_avtor,avtor) VALUES (419,'LAXNESS HALLDOR');
INSERT INTO avtor(id_avtor,avtor) VALUES (420,'LEDUC VIOLETTE');
INSERT INTO avtor(id_avtor,avtor) VALUES (421,'LENARDIČ DARJA');
INSERT INTO avtor(id_avtor,avtor) VALUES (424,'LENIN VLADIMIR ILIČ');
INSERT INTO avtor(id_avtor,avtor) VALUES (425,'LENZ SIEGFRIED');
INSERT INTO avtor(id_avtor,avtor) VALUES (427,'LERMONTOV MIHAIL');
INSERT INTO avtor(id_avtor,avtor) VALUES (428,'LEVEY MICHAEL');
INSERT INTO avtor(id_avtor,avtor) VALUES (429,'LEVSTIK FRAN');
INSERT INTO avtor(id_avtor,avtor) VALUES (431,'LINDGREN ASTRID');
INSERT INTO avtor(id_avtor,avtor) VALUES (433,'LIPOVEC DUŠAN');
INSERT INTO avtor(id_avtor,avtor) VALUES (434,'LIPSEY RICHARD');
INSERT INTO avtor(id_avtor,avtor) VALUES (440,'LJUDSKA');
INSERT INTO avtor(id_avtor,avtor) VALUES (441,'LOKAR DANILO');
INSERT INTO avtor(id_avtor,avtor) VALUES (443,'LONDON JACK');
INSERT INTO avtor(id_avtor,avtor) VALUES (444,'LOOK LENORE');
INSERT INTO avtor(id_avtor,avtor) VALUES (446,'LORCA GARCIA FEDERICO');
INSERT INTO avtor(id_avtor,avtor) VALUES (447,'LORD WALTER');
INSERT INTO avtor(id_avtor,avtor) VALUES (448,'LOUYS PIERRE');
INSERT INTO avtor(id_avtor,avtor) VALUES (449,'LOVRIĆ; PAVLOVIĆ');
INSERT INTO avtor(id_avtor,avtor) VALUES (450,'LUDLUM ROBERT');
INSERT INTO avtor(id_avtor,avtor) VALUES (451,'LUKIČ FRANC');
INSERT INTO avtor(id_avtor,avtor) VALUES (452,'LUKŠIČ ANDREJ');
INSERT INTO avtor(id_avtor,avtor) VALUES (455,'LUTHER KING MARTIN');
INSERT INTO avtor(id_avtor,avtor) VALUES (456,'LYSEBETH ANDRE');
INSERT INTO avtor(id_avtor,avtor) VALUES (457,'MACDONALD ALAN');
INSERT INTO avtor(id_avtor,avtor) VALUES (458,'MAGNANI MILENA');
INSERT INTO avtor(id_avtor,avtor) VALUES (459,'MAKAROVIČ SVETLANA');
INSERT INTO avtor(id_avtor,avtor) VALUES (460,'MALALAN ANA');
INSERT INTO avtor(id_avtor,avtor) VALUES (462,'MALEŠ MIHA');
INSERT INTO avtor(id_avtor,avtor) VALUES (463,'MALRAUX ANDRE');
INSERT INTO avtor(id_avtor,avtor) VALUES (465,'MANZONI ALESSANDRO');
INSERT INTO avtor(id_avtor,avtor) VALUES (466,'MARTINSON HARRY');
INSERT INTO avtor(id_avtor,avtor) VALUES (467,'MARX ENGELS');
INSERT INTO avtor(id_avtor,avtor) VALUES (468,'MASWELL HUDSON CLARE');
INSERT INTO avtor(id_avtor,avtor) VALUES (469,'MATAR HISHAM');
INSERT INTO avtor(id_avtor,avtor) VALUES (470,'MAURER NEŽA');
INSERT INTO avtor(id_avtor,avtor) VALUES (471,'MAUSER KAREL');
INSERT INTO avtor(id_avtor,avtor) VALUES (472,'MAZOWER MARK');
INSERT INTO avtor(id_avtor,avtor) VALUES (473,'MCGOWAN DUBERN');
INSERT INTO avtor(id_avtor,avtor) VALUES (474,'MEHARI SENAIT');
INSERT INTO avtor(id_avtor,avtor) VALUES (475,'MEIJER EMIL');
INSERT INTO avtor(id_avtor,avtor) VALUES (476,'MENART JANEZ');
INSERT INTO avtor(id_avtor,avtor) VALUES (477,'MEPHAM MICHAEL');
INSERT INTO avtor(id_avtor,avtor) VALUES (479,'METALIOUS GRACE');
INSERT INTO avtor(id_avtor,avtor) VALUES (480,'MIKUŽ STANE');
INSERT INTO avtor(id_avtor,avtor) VALUES (481,'MILIČINSKI FRANE');
INSERT INTO avtor(id_avtor,avtor) VALUES (482,'MILIČINSKI FRANE JEŽEK');
INSERT INTO avtor(id_avtor,avtor) VALUES (483,'MILLER HENRY');
INSERT INTO avtor(id_avtor,avtor) VALUES (486,'MINATTI IVAN');
INSERT INTO avtor(id_avtor,avtor) VALUES (487,'MIR SADEKI DŽAMAL');
INSERT INTO avtor(id_avtor,avtor) VALUES (488,'MOČNIK RASTKO');
INSERT INTO avtor(id_avtor,avtor) VALUES (489,'MODER JANKO');
INSERT INTO avtor(id_avtor,avtor) VALUES (490,'MODRNDORFER VINKO');
INSERT INTO avtor(id_avtor,avtor) VALUES (491,'MOLIERE');
INSERT INTO avtor(id_avtor,avtor) VALUES (492,'MONTALE EUGENIO');
INSERT INTO avtor(id_avtor,avtor) VALUES (493,'MORAVIA ALBERTO');
INSERT INTO avtor(id_avtor,avtor) VALUES (494,'MORICZ ZSIGMOND');
INSERT INTO avtor(id_avtor,avtor) VALUES (495,'MOŠKRIČ MARJAN');
INSERT INTO avtor(id_avtor,avtor) VALUES (496,'MOŠKRIČ MARJANA');
INSERT INTO avtor(id_avtor,avtor) VALUES (497,'MOTOH ŠILC ŠUŠTERŠIČ');
INSERT INTO avtor(id_avtor,avtor) VALUES (498,'MULLER HERTA');
INSERT INTO avtor(id_avtor,avtor) VALUES (499,'MUNIH JOŽI');
INSERT INTO avtor(id_avtor,avtor) VALUES (500,'MURGIA MICHELA');
INSERT INTO avtor(id_avtor,avtor) VALUES (501,'MURPHY RAYMOND');
INSERT INTO avtor(id_avtor,avtor) VALUES (502,'MUSEK JAN PEČJAK VID');
INSERT INTO avtor(id_avtor,avtor) VALUES (503,'MUSSO GUILLAUME');
INSERT INTO avtor(id_avtor,avtor) VALUES (504,'MUSTER ČENČRU NANIKA');
INSERT INTO avtor(id_avtor,avtor) VALUES (505,'NAGY KATALIN');
INSERT INTO avtor(id_avtor,avtor) VALUES (506,'NATTER MARIA');
INSERT INTO avtor(id_avtor,avtor) VALUES (507,'NERUDA PABLO');
INSERT INTO avtor(id_avtor,avtor) VALUES (508,'NEŠOVIĆ PRUNK');
INSERT INTO avtor(id_avtor,avtor) VALUES (509,'NONHEBEL CLARE');
INSERT INTO avtor(id_avtor,avtor) VALUES (510,'NOVAK OISEAU NINA');
INSERT INTO avtor(id_avtor,avtor) VALUES (511,'NOVAK TANJA');
INSERT INTO avtor(id_avtor,avtor) VALUES (512,'OCCUPY');
INSERT INTO avtor(id_avtor,avtor) VALUES (513,'OLOFSSON RUNE');
INSERT INTO avtor(id_avtor,avtor) VALUES (514,'OMAHEN MARIJA');
INSERT INTO avtor(id_avtor,avtor) VALUES (515,'OPGENOORTH; LOBE');
INSERT INTO avtor(id_avtor,avtor) VALUES (516,'OPRESNIK MOJCA');
INSERT INTO avtor(id_avtor,avtor) VALUES (518,'ORIENTI SANDRA');
INSERT INTO avtor(id_avtor,avtor) VALUES (523,'ORWELL GEORGE');
INSERT INTO avtor(id_avtor,avtor) VALUES (524,'OSTROVITJANOV');
INSERT INTO avtor(id_avtor,avtor) VALUES (527,'PAASILINNA ARTO');
INSERT INTO avtor(id_avtor,avtor) VALUES (528,'PACIONI GIOVANNI');
INSERT INTO avtor(id_avtor,avtor) VALUES (529,'PAHOR BORIS');
INSERT INTO avtor(id_avtor,avtor) VALUES (530,'PAJNIK, LESJAK TUŠEK, GREGORIČIČ');
INSERT INTO avtor(id_avtor,avtor) VALUES (531,'PALMER DONALD');
INSERT INTO avtor(id_avtor,avtor) VALUES (532,'PARETTI SANDRA');
INSERT INTO avtor(id_avtor,avtor) VALUES (534,'PARISE GOFFREDO');
INSERT INTO avtor(id_avtor,avtor) VALUES (535,'PARKER');
INSERT INTO avtor(id_avtor,avtor) VALUES (536,'PARMA BRUNO');
INSERT INTO avtor(id_avtor,avtor) VALUES (537,'PARRONCHI ALESSANDRO');
INSERT INTO avtor(id_avtor,avtor) VALUES (538,'PARSONS DIXON');
INSERT INTO avtor(id_avtor,avtor) VALUES (539,'PASTERNJAK ALEKSANDER');
INSERT INTO avtor(id_avtor,avtor) VALUES (540,'PAUSCH RANDY');
INSERT INTO avtor(id_avtor,avtor) VALUES (542,'PAVČEK TONE');
INSERT INTO avtor(id_avtor,avtor) VALUES (544,'PEČJAK VID');
INSERT INTO avtor(id_avtor,avtor) VALUES (545,'PERRAULT CHARLES');
INSERT INTO avtor(id_avtor,avtor) VALUES (546,'PERŠAK TONE');
INSERT INTO avtor(id_avtor,avtor) VALUES (548,'PERŠKE KLEPIĆ');
INSERT INTO avtor(id_avtor,avtor) VALUES (549,'PEŠUT BARBARA');
INSERT INTO avtor(id_avtor,avtor) VALUES (550,'PINKOLA ESTES CLARISSA');
INSERT INTO avtor(id_avtor,avtor) VALUES (551,'PIRANDELLO LUIGI');
INSERT INTO avtor(id_avtor,avtor) VALUES (552,'PLATH SYLVIA');
INSERT INTO avtor(id_avtor,avtor) VALUES (553,'PLAUT');
INSERT INTO avtor(id_avtor,avtor) VALUES (554,'PODBEVŠEK');
INSERT INTO avtor(id_avtor,avtor) VALUES (558,'POE EDGAR ALLAN');
INSERT INTO avtor(id_avtor,avtor) VALUES (559,'POLIQUIN DANIEL');
INSERT INTO avtor(id_avtor,avtor) VALUES (560,'POŽARNIK HUBERT');
INSERT INTO avtor(id_avtor,avtor) VALUES (561,'PRAP LILA');
INSERT INTO avtor(id_avtor,avtor) VALUES (562,'PRATFCHETT TERRY');
INSERT INTO avtor(id_avtor,avtor) VALUES (563,'PREDIN KRESLIN');
INSERT INTO avtor(id_avtor,avtor) VALUES (564,'PREGL SLAVKO');
INSERT INTO avtor(id_avtor,avtor) VALUES (565,'PREMK, SIEBERER');
INSERT INTO avtor(id_avtor,avtor) VALUES (569,'PREŠEREN FRANCE');
INSERT INTO avtor(id_avtor,avtor) VALUES (570,'PREVERT JACQUES');
INSERT INTO avtor(id_avtor,avtor) VALUES (573,'PROUST MARCEL');
INSERT INTO avtor(id_avtor,avtor) VALUES (574,'PUPPI LIONELLO');
INSERT INTO avtor(id_avtor,avtor) VALUES (576,'PUŠENJAK MIŠA');
INSERT INTO avtor(id_avtor,avtor) VALUES (577,'PUŠKIN ALEKSANDER SERGEJEVIČ');
INSERT INTO avtor(id_avtor,avtor) VALUES (578,'QUASIMODO SALVATORE');
INSERT INTO avtor(id_avtor,avtor) VALUES (579,'RAMOVŠ');
INSERT INTO avtor(id_avtor,avtor) VALUES (580,'RAMOVŠ, ŽUPANČIČ');
INSERT INTO avtor(id_avtor,avtor) VALUES (581,'RAVNIKAR MATEVŽ');
INSERT INTO avtor(id_avtor,avtor) VALUES (582,'READ HERBERT');
INSERT INTO avtor(id_avtor,avtor) VALUES (583,'REBOUL SYLVIE');
INSERT INTO avtor(id_avtor,avtor) VALUES (584,'REMARQUE');
INSERT INTO avtor(id_avtor,avtor) VALUES (589,'RENDELL RUTH');
INSERT INTO avtor(id_avtor,avtor) VALUES (590,'REY');
INSERT INTO avtor(id_avtor,avtor) VALUES (594,'REYMONT WLADISLAW STANISLAW');
INSERT INTO avtor(id_avtor,avtor) VALUES (595,'RIBEIRO AQUILINO');
INSERT INTO avtor(id_avtor,avtor) VALUES (596,'RIBIČIČ CIRIL');
INSERT INTO avtor(id_avtor,avtor) VALUES (597,'RIGG JO');
INSERT INTO avtor(id_avtor,avtor) VALUES (598,'RILKE RAINER MARIA');
INSERT INTO avtor(id_avtor,avtor) VALUES (599,'RIMBAUD ARTHUR');
INSERT INTO avtor(id_avtor,avtor) VALUES (600,'RIZZATTI MARIA LUISA');
INSERT INTO avtor(id_avtor,avtor) VALUES (601,'ROCCO, ANTONIA');
INSERT INTO avtor(id_avtor,avtor) VALUES (602,'ROLLAND ROMAIN');
INSERT INTO avtor(id_avtor,avtor) VALUES (603,'ROVŠEK JERNEJ');
INSERT INTO avtor(id_avtor,avtor) VALUES (604,'ROZMAN SMILJAN');
INSERT INTO avtor(id_avtor,avtor) VALUES (605,'RUHLAND BERND');
INSERT INTO avtor(id_avtor,avtor) VALUES (606,'RUIZ ZAFON CARLOS');
INSERT INTO avtor(id_avtor,avtor) VALUES (607,'RUSSELL PETER');
INSERT INTO avtor(id_avtor,avtor) VALUES (608,'SABATIER ROBERT');
INSERT INTO avtor(id_avtor,avtor) VALUES (609,'SADE MARKI');
INSERT INTO avtor(id_avtor,avtor) VALUES (610,'SAGAN CARL');
INSERT INTO avtor(id_avtor,avtor) VALUES (612,'SAINT-EXUPERY ANTOINE');
INSERT INTO avtor(id_avtor,avtor) VALUES (614,'ŠALAMUN TOMAŽ');
INSERT INTO avtor(id_avtor,avtor) VALUES (615,'SAMOKOVLIJA ISAK');
INSERT INTO avtor(id_avtor,avtor) VALUES (616,'SARTRE JEAN PAUL');
INSERT INTO avtor(id_avtor,avtor) VALUES (617,'ŠAŠEL ANA');
INSERT INTO avtor(id_avtor,avtor) VALUES (618,'SCHMIDT MATJAŽ');
INSERT INTO avtor(id_avtor,avtor) VALUES (619,'SCHMITT CARL');
INSERT INTO avtor(id_avtor,avtor) VALUES (620,'SCHNABL ANA');
INSERT INTO avtor(id_avtor,avtor) VALUES (621,'SCHULER WALDMANN');
INSERT INTO avtor(id_avtor,avtor) VALUES (622,'SCHWAB GUSTAV');
INSERT INTO avtor(id_avtor,avtor) VALUES (623,'SEDDON RADECKA');
INSERT INTO avtor(id_avtor,avtor) VALUES (624,'SEDEJ IVAN');
INSERT INTO avtor(id_avtor,avtor) VALUES (625,'SEE LISA');
INSERT INTO avtor(id_avtor,avtor) VALUES (626,'ŠEGULA TOMAŽ');
INSERT INTO avtor(id_avtor,avtor) VALUES (627,'ŠEKS VLADIMIR');
INSERT INTO avtor(id_avtor,avtor) VALUES (628,'SENANCOUR');
INSERT INTO avtor(id_avtor,avtor) VALUES (629,'SERVAN-SCHREIBER JEAN-JACQUES');
INSERT INTO avtor(id_avtor,avtor) VALUES (630,'SHAKESPEARE WILLIAM');
INSERT INTO avtor(id_avtor,avtor) VALUES (631,'SHAW GISELA');
INSERT INTO avtor(id_avtor,avtor) VALUES (632,'SHREVE ANITA');
INSERT INTO avtor(id_avtor,avtor) VALUES (633,'SILBER LITTLE');
INSERT INTO avtor(id_avtor,avtor) VALUES (634,'ŠILER SVETISLAV');
INSERT INTO avtor(id_avtor,avtor) VALUES (635,'SILLITOE ALAN');
INSERT INTO avtor(id_avtor,avtor) VALUES (636,'SIMENON GEORGES');
INSERT INTO avtor(id_avtor,avtor) VALUES (637,'SIMMEL MARIO JOHANNES');
INSERT INTO avtor(id_avtor,avtor) VALUES (638,'SIMON CLAUDE');
INSERT INTO avtor(id_avtor,avtor) VALUES (639,'SIMONE BERTEAUT');
INSERT INTO avtor(id_avtor,avtor) VALUES (640,'SIMONOV KONSTANTIN');
INSERT INTO avtor(id_avtor,avtor) VALUES (641,'SINGER ISAAC BASHEVIS');
INSERT INTO avtor(id_avtor,avtor) VALUES (642,'ŠKARICA ŽUŽIĆ BONIFAČIČ');
INSERT INTO avtor(id_avtor,avtor) VALUES (643,'SKOBERNE PETER');
INSERT INTO avtor(id_avtor,avtor) VALUES (644,'ŠKORJANC TOMAŽ');
INSERT INTO avtor(id_avtor,avtor) VALUES (645,'ŠKRINJAR POLONA');
INSERT INTO avtor(id_avtor,avtor) VALUES (646,'SLABY; STUPICA');
INSERT INTO avtor(id_avtor,avtor) VALUES (647,'ŠLEBINGER JANKO');
INSERT INTO avtor(id_avtor,avtor) VALUES (648,'SLEVEC MARIJAN');
INSERT INTO avtor(id_avtor,avtor) VALUES (649,'ŠMAHELOVA HELENA');
INSERT INTO avtor(id_avtor,avtor) VALUES (650,'SMITH ZADIE');
INSERT INTO avtor(id_avtor,avtor) VALUES (651,'SÖDERBERG HJALMAR');
INSERT INTO avtor(id_avtor,avtor) VALUES (653,'SOFOKLES');
INSERT INTO avtor(id_avtor,avtor) VALUES (657,'ŠOLOHOV MIHAIL ALEKSANDROVIČ');
INSERT INTO avtor(id_avtor,avtor) VALUES (658,'SOTRIFFER KRISTIAN');
INSERT INTO avtor(id_avtor,avtor) VALUES (659,'SOUBIRAN ANDRE');
INSERT INTO avtor(id_avtor,avtor) VALUES (660,'SPLICHAL STANKO');
INSERT INTO avtor(id_avtor,avtor) VALUES (662,'ŠPROHAR LUJ');
INSERT INTO avtor(id_avtor,avtor) VALUES (663,'ŠPUROVA KATJA');
INSERT INTO avtor(id_avtor,avtor) VALUES (664,'ŠRAJ PETER');
INSERT INTO avtor(id_avtor,avtor) VALUES (665,'STAFFLER MARTIN');
INSERT INTO avtor(id_avtor,avtor) VALUES (666,'ŠTAMPAR FRANCI');
INSERT INTO avtor(id_avtor,avtor) VALUES (667,'ŠTANCAR MONOS MARJAN');
INSERT INTO avtor(id_avtor,avtor) VALUES (668,'STANDIN GUY');
INSERT INTO avtor(id_avtor,avtor) VALUES (669,'STANIČ JANEZ');
INSERT INTO avtor(id_avtor,avtor) VALUES (670,'ŠTEFAN ANJA; LOVŠIN POLONA');
INSERT INTO avtor(id_avtor,avtor) VALUES (671,'ŠTEFAN ANJA; REICHMAN JELKA');
INSERT INTO avtor(id_avtor,avtor) VALUES (672,'ŠTEFANEC VLADIMIR');
INSERT INTO avtor(id_avtor,avtor) VALUES (674,'STEINBECK JOHN');
INSERT INTO avtor(id_avtor,avtor) VALUES (675,'STELE FRANCE');
INSERT INTO avtor(id_avtor,avtor) VALUES (676,'ŠTEMPIHAR MARKO');
INSERT INTO avtor(id_avtor,avtor) VALUES (678,'STENDHAL');
INSERT INTO avtor(id_avtor,avtor) VALUES (679,'STERLE MARKO');
INSERT INTO avtor(id_avtor,avtor) VALUES (680,'ŠTIH BOJAN');
INSERT INTO avtor(id_avtor,avtor) VALUES (681,'STOPAR PETER');
INSERT INTO avtor(id_avtor,avtor) VALUES (682,'STRATHERN MARILYN');
INSERT INTO avtor(id_avtor,avtor) VALUES (683,'STRITIH ČAČINOVIČ');
INSERT INTO avtor(id_avtor,avtor) VALUES (684,'STRNAD JANEZ');
INSERT INTO avtor(id_avtor,avtor) VALUES (685,'STYRON WILLIAM');
INSERT INTO avtor(id_avtor,avtor) VALUES (686,'SVOZILOVA-JOHNOVA HERMA');
INSERT INTO avtor(id_avtor,avtor) VALUES (687,'TAGORE RABINDRANATH');
INSERT INTO avtor(id_avtor,avtor) VALUES (688,'THOMAS');
INSERT INTO avtor(id_avtor,avtor) VALUES (689,'THOMSON EMMA');
INSERT INTO avtor(id_avtor,avtor) VALUES (690,'TISNIKAR JOŽE');
INSERT INTO avtor(id_avtor,avtor) VALUES (691,'TITL JULIJ');
INSERT INTO avtor(id_avtor,avtor) VALUES (692,'TOMASSONI ITALO');
INSERT INTO avtor(id_avtor,avtor) VALUES (693,'TOPORIŠIČ JOŽE');
INSERT INTO avtor(id_avtor,avtor) VALUES (694,'TRATNIK SUZANA');
INSERT INTO avtor(id_avtor,avtor) VALUES (695,'TRDINA SILVA');
INSERT INTO avtor(id_avtor,avtor) VALUES (696,'TREVOR ELLESTON');
INSERT INTO avtor(id_avtor,avtor) VALUES (697,'TROLLOPE');
INSERT INTO avtor(id_avtor,avtor) VALUES (698,'TROY UNA');
INSERT INTO avtor(id_avtor,avtor) VALUES (699,'TUURI ANTTI');
INSERT INTO avtor(id_avtor,avtor) VALUES (703,'TWAIN MARK');
INSERT INTO avtor(id_avtor,avtor) VALUES (704,'TYRMAND LEOPOLD');
INSERT INTO avtor(id_avtor,avtor) VALUES (705,'ULE MIRJANA');
INSERT INTO avtor(id_avtor,avtor) VALUES (706,'UNDSET SIGRID');
INSERT INTO avtor(id_avtor,avtor) VALUES (707,'URŠIČ METKA');
INSERT INTO avtor(id_avtor,avtor) VALUES (709,'URŠIČ STANKO');
INSERT INTO avtor(id_avtor,avtor) VALUES (710,'VAAL ALEX');
INSERT INTO avtor(id_avtor,avtor) VALUES (713,'VAHTAR MARTA');
INSERT INTO avtor(id_avtor,avtor) VALUES (714,'VALVASOR JANEZ VAJKARD');
INSERT INTO avtor(id_avtor,avtor) VALUES (715,'VANDELINA ILC');
INSERT INTO avtor(id_avtor,avtor) VALUES (717,'VANDERGRIFF AOLA');
INSERT INTO avtor(id_avtor,avtor) VALUES (719,'VARGAS LLOSA MARIO');
INSERT INTO avtor(id_avtor,avtor) VALUES (854,'VEČ');
INSERT INTO avtor(id_avtor,avtor) VALUES (855,'VEFHOVAR DARINKA');
INSERT INTO avtor(id_avtor,avtor) VALUES (857,'VELIKONJA MITJA');
INSERT INTO avtor(id_avtor,avtor) VALUES (860,'VERNE JULES');
INSERT INTO avtor(id_avtor,avtor) VALUES (861,'VERNER ALFRED');
INSERT INTO avtor(id_avtor,avtor) VALUES (862,'VEZJAK BORIS');
INSERT INTO avtor(id_avtor,avtor) VALUES (863,'VIAN BORIS');
INSERT INTO avtor(id_avtor,avtor) VALUES (864,'VIDAV IVAN');
INSERT INTO avtor(id_avtor,avtor) VALUES (865,'VIDEMŠEK BOŠTJAN');
INSERT INTO avtor(id_avtor,avtor) VALUES (866,'VIDMAJER JANEZ');
INSERT INTO avtor(id_avtor,avtor) VALUES (867,'VIDMAR JANJA');
INSERT INTO avtor(id_avtor,avtor) VALUES (868,'VIDMAR MAJA');
INSERT INTO avtor(id_avtor,avtor) VALUES (869,'VINTHAGEN STELLAN');
INSERT INTO avtor(id_avtor,avtor) VALUES (870,'VIPOTNIK JANEZ');
INSERT INTO avtor(id_avtor,avtor) VALUES (871,'VIRNO PAOLO');
INSERT INTO avtor(id_avtor,avtor) VALUES (872,'VODOVNIK ŽIGA');
INSERT INTO avtor(id_avtor,avtor) VALUES (873,'VOGELNIKOVA MARIJA');
INSERT INTO avtor(id_avtor,avtor) VALUES (874,'VOJNOVIĆ GORAN');
INSERT INTO avtor(id_avtor,avtor) VALUES (875,'VONNEGUT KURT');
INSERT INTO avtor(id_avtor,avtor) VALUES (876,'VORANC PREŽIHOV');
INSERT INTO avtor(id_avtor,avtor) VALUES (877,'VOŠNJAK MITJA');
INSERT INTO avtor(id_avtor,avtor) VALUES (878,'VUKAŠINOVIĆ-MIKUŽ MARIJA');
INSERT INTO avtor(id_avtor,avtor) VALUES (879,'WALKER ALICE');
INSERT INTO avtor(id_avtor,avtor) VALUES (880,'WALLACE EDGAR');
INSERT INTO avtor(id_avtor,avtor) VALUES (881,'WALSH THOMAS');
INSERT INTO avtor(id_avtor,avtor) VALUES (882,'WAMBRECHTSAMER ANNA');
INSERT INTO avtor(id_avtor,avtor) VALUES (883,'WENINGER BRIGITTE');
INSERT INTO avtor(id_avtor,avtor) VALUES (884,'WERFEL FRANC');
INSERT INTO avtor(id_avtor,avtor) VALUES (886,'WHITE PATRICK');
INSERT INTO avtor(id_avtor,avtor) VALUES (887,'WHITFORD FRANK');
INSERT INTO avtor(id_avtor,avtor) VALUES (888,'WHITMAN WALT');
INSERT INTO avtor(id_avtor,avtor) VALUES (890,'WILKINSON CAROLE');
INSERT INTO avtor(id_avtor,avtor) VALUES (891,'WILSON JACQUELINE');
INSERT INTO avtor(id_avtor,avtor) VALUES (892,'WOLF CHRISTA');
INSERT INTO avtor(id_avtor,avtor) VALUES (893,'WOLFE THOMAS');
INSERT INTO avtor(id_avtor,avtor) VALUES (894,'WOLTER ANNETTE');
INSERT INTO avtor(id_avtor,avtor) VALUES (895,'WOOD IRA');
INSERT INTO avtor(id_avtor,avtor) VALUES (896,'WOOLF VIRGINIA');
INSERT INTO avtor(id_avtor,avtor) VALUES (897,'YEH CHUN-CHAN');
INSERT INTO avtor(id_avtor,avtor) VALUES (899,'ZAJC DANE');
INSERT INTO avtor(id_avtor,avtor) VALUES (900,'ZEI ALKI');
INSERT INTO avtor(id_avtor,avtor) VALUES (901,'ZEI MIROSLAV');
INSERT INTO avtor(id_avtor,avtor) VALUES (902,'ZLOBEC CIRIL');
INSERT INTO avtor(id_avtor,avtor) VALUES (903,'ŽORŽ BOGDAN');
INSERT INTO avtor(id_avtor,avtor) VALUES (904,'ŽUPANČIČ OTON');



INSERT INTO zbirka(id_zbirka,zbirka) VALUES (1,'NE VEM');
INSERT INTO zbirka(id_zbirka,zbirka) VALUES (3,'ABC');
INSERT INTO zbirka(id_zbirka,zbirka) VALUES (13,'BISERI UMETNOSTI');
INSERT INTO zbirka(id_zbirka,zbirka) VALUES (16,'ČKZ');
INSERT INTO zbirka(id_zbirka,zbirka) VALUES (18,'CPP');
INSERT INTO zbirka(id_zbirka,zbirka) VALUES (23,'FAVOURITE TALES');
INSERT INTO zbirka(id_zbirka,zbirka) VALUES (27,'GUINNESS WORLD RECORDS');
INSERT INTO zbirka(id_zbirka,zbirka) VALUES (29,'KROŽNIK OKUSOV');
INSERT INTO zbirka(id_zbirka,zbirka) VALUES (31,'LIKOVNA PRIČEVANJA');
INSERT INTO zbirka(id_zbirka,zbirka) VALUES (37,'LJUDSTVA SVETA');
INSERT INTO zbirka(id_zbirka,zbirka) VALUES (40,'MALA SPLOŠNA ENCIKLOPEDIJA');
INSERT INTO zbirka(id_zbirka,zbirka) VALUES (46,'MALA STOR');
INSERT INTO zbirka(id_zbirka,zbirka) VALUES (48,'MATEMATIKA');
INSERT INTO zbirka(id_zbirka,zbirka) VALUES (50,'MATEMATIKA=ZABAVA');
INSERT INTO zbirka(id_zbirka,zbirka) VALUES (52,'MOJE VRTNE RASTLINE');
INSERT INTO zbirka(id_zbirka,zbirka) VALUES (53,'NEBESNA ZNAMENJA');
INSERT INTO zbirka(id_zbirka,zbirka) VALUES (89,'NOBELOVCI');
INSERT INTO zbirka(id_zbirka,zbirka) VALUES (90,'NOSTALGIJA');
INSERT INTO zbirka(id_zbirka,zbirka) VALUES (97,'NOVA OBZORJA');
INSERT INTO zbirka(id_zbirka,zbirka) VALUES (99,'ODABERI SVOJU PUSTOLOVINU');
INSERT INTO zbirka(id_zbirka,zbirka) VALUES (100,'POMOČ IZ');
INSERT INTO zbirka(id_zbirka,zbirka) VALUES (102,'PREPOROSTE TEHNIKE');
INSERT INTO zbirka(id_zbirka,zbirka) VALUES (109,'PREŠERNOVA DRUŽBA');
INSERT INTO zbirka(id_zbirka,zbirka) VALUES (110,'SVETOVNA');
INSERT INTO zbirka(id_zbirka,zbirka) VALUES (113,'TINTIN');
INSERT INTO zbirka(id_zbirka,zbirka) VALUES (116,'UMETNOST V SLIKAH');
INSERT INTO zbirka(id_zbirka,zbirka) VALUES (120,'V SVETU CANKARJEVE DRAMATIKE');
INSERT INTO zbirka(id_zbirka,zbirka) VALUES (137,'VELIKA STOR');
INSERT INTO zbirka(id_zbirka,zbirka) VALUES (145,'VRHUNCI STOLETJA');
INSERT INTO zbirka(id_zbirka,zbirka) VALUES (160,'ZAKLADNICA USPEŠNIC');



INSERT INTO jezik(id_jezik, jezik)
VALUES (1, "NE VEM");
INSERT INTO jezik(id_jezik, jezik)
VALUES (2, "slovenščina");
INSERT INTO jezik(id_jezik, jezik)
VALUES (3, "angleščina");
INSERT INTO jezik(id_jezik, jezik)
VALUES (4, "hrvaščina");
INSERT INTO jezik(id_jezik, jezik)
VALUES (5, "francoščina");
INSERT INTO jezik(id_jezik, jezik)
VALUES (6, "italijanščina");



INSERT INTO pozicija(id_pozicija, pozicija)
VALUES (1, "NEVEM");
INSERT INTO pozicija(id_pozicija, pozicija)
VALUES (2, "klet");
INSERT INTO pozicija(id_pozicija, pozicija)
VALUES (3, "dnevna");
INSERT INTO pozicija(id_pozicija, pozicija)
VALUES (4, "Adrian");
INSERT INTO pozicija(id_pozicija, pozicija)
VALUES (5, "oči");
INSERT INTO pozicija(id_pozicija, pozicija)
VALUES (6, "Leila");



INSERT INTO podrocje(id_podrocje, podrocje)
VALUES (1, "NE VEM");
INSERT INTO podrocje(id_podrocje, podrocje)
VALUES (2, "slo leposlovje");
INSERT INTO podrocje(id_podrocje, podrocje)
VALUES (3, "tuje leposlovje");
INSERT INTO podrocje(id_podrocje, podrocje)
VALUES (4, "otroško");
INSERT INTO podrocje(id_podrocje, podrocje)
VALUES (5, "dramatika");
INSERT INTO podrocje(id_podrocje, podrocje)
VALUES (6, "poezija");
INSERT INTO podrocje(id_podrocje, podrocje)
VALUES (7, "družboslovje");
INSERT INTO podrocje(id_podrocje, podrocje)
VALUES (8, "jezikoslovje");
INSERT INTO podrocje(id_podrocje, podrocje)
VALUES (9, "naravoslovje");
INSERT INTO podrocje(id_podrocje, podrocje)
VALUES (10, "dom");
INSERT INTO podrocje(id_podrocje, podrocje)
VALUES (11, "drugo");



INSERT INTO podpodrocje(id_podrocje, id_podpodrocje, podpodrocje)
VALUES(1 ,1 ,"NE VEM");

INSERT INTO podpodrocje(id_podrocje, id_podpodrocje, podpodrocje)
VALUES(2 ,1 ,"NE VEM");
INSERT INTO podpodrocje(id_podrocje, id_podpodrocje, podpodrocje)
VALUES(2 ,2 ,"detektivka");
INSERT INTO podpodrocje(id_podrocje, id_podpodrocje, podpodrocje)
VALUES(2 ,3 ,"vojni");
INSERT INTO podpodrocje(id_podrocje, id_podpodrocje, podpodrocje)
VALUES(2 ,4 ,"humor, komedija");
INSERT INTO podpodrocje(id_podrocje, id_podpodrocje, podpodrocje)
VALUES(2 ,5 ,"ljubezenski");
INSERT INTO podpodrocje(id_podrocje, id_podpodrocje, podpodrocje)
VALUES(2 ,6 ,"biografija");
INSERT INTO podpodrocje(id_podrocje, id_podpodrocje, podpodrocje)
VALUES(2 ,7 ,"potopis, dnevnik");
INSERT INTO podpodrocje(id_podrocje, id_podpodrocje, podpodrocje)
VALUES(2 ,8 ,"kratko(pravljica, novela)");
INSERT INTO podpodrocje(id_podrocje, id_podpodrocje, podpodrocje)
VALUES(2 ,9 ,"družbeni roman");
INSERT INTO podpodrocje(id_podrocje, id_podpodrocje, podpodrocje)
VALUES(2 ,10 ,"grozljivka");
INSERT INTO podpodrocje(id_podrocje, id_podpodrocje, podpodrocje)
VALUES(2 ,11 ,"zf, utopija, distopija");
INSERT INTO podpodrocje(id_podrocje, id_podpodrocje, podpodrocje)
VALUES(2 ,12 ,"zgodovinski");
INSERT INTO podpodrocje(id_podrocje, id_podpodrocje, podpodrocje)
VALUES(2 ,13 ,"eksotični");
INSERT INTO podpodrocje(id_podrocje, id_podpodrocje, podpodrocje)
VALUES(2 ,14 ,"eksistencializem");
INSERT INTO podpodrocje(id_podrocje, id_podpodrocje, podpodrocje)
VALUES(2 ,15 ,"erotika");

INSERT INTO podpodrocje(id_podrocje, id_podpodrocje, podpodrocje)
VALUES(3 ,1 ,"NE VEM");
INSERT INTO podpodrocje(id_podrocje, id_podpodrocje, podpodrocje)
VALUES(3 ,2 ,"detektivka");
INSERT INTO podpodrocje(id_podrocje, id_podpodrocje, podpodrocje)
VALUES(3 ,3 ,"vojni");
INSERT INTO podpodrocje(id_podrocje, id_podpodrocje, podpodrocje)
VALUES(3 ,4 ,"humor, komedija");
INSERT INTO podpodrocje(id_podrocje, id_podpodrocje, podpodrocje)
VALUES(3 ,5 ,"ljubezenski");
INSERT INTO podpodrocje(id_podrocje, id_podpodrocje, podpodrocje)
VALUES(3 ,6 ,"biografija");
INSERT INTO podpodrocje(id_podrocje, id_podpodrocje, podpodrocje)
VALUES(3 ,7 ,"potopis, dnevnik");
INSERT INTO podpodrocje(id_podrocje, id_podpodrocje, podpodrocje)
VALUES(3 ,8 ,"kratko(pravljica, novela)");
INSERT INTO podpodrocje(id_podrocje, id_podpodrocje, podpodrocje)
VALUES(3 ,9 ,"družbeni roman");
INSERT INTO podpodrocje(id_podrocje, id_podpodrocje, podpodrocje)
VALUES(3 ,10 ,"grozljivka");
INSERT INTO podpodrocje(id_podrocje, id_podpodrocje, podpodrocje)
VALUES(3 ,11 ,"zf, utopija, distopija");
INSERT INTO podpodrocje(id_podrocje, id_podpodrocje, podpodrocje)
VALUES(3 ,12 ,"zgodovinski");
INSERT INTO podpodrocje(id_podrocje, id_podpodrocje, podpodrocje)
VALUES(3 ,13 ,"eksotični");
INSERT INTO podpodrocje(id_podrocje, id_podpodrocje, podpodrocje)
VALUES(3 ,14 ,"eksistencializem");
INSERT INTO podpodrocje(id_podrocje, id_podpodrocje, podpodrocje)
VALUES(3 ,15 ,"erotika");

INSERT INTO podpodrocje(id_podrocje, id_podpodrocje, podpodrocje)
VALUES(4 ,1 ,"NE VEM");

INSERT INTO podpodrocje(id_podrocje, id_podpodrocje, podpodrocje)
VALUES(5 ,1 ,"NE VEM");
INSERT INTO podpodrocje(id_podrocje, id_podpodrocje, podpodrocje)
VALUES(5 ,2 ,"slovenska");
INSERT INTO podpodrocje(id_podrocje, id_podpodrocje, podpodrocje)
VALUES(5 ,3 ,"tuja");

INSERT INTO podpodrocje(id_podrocje, id_podpodrocje, podpodrocje)
VALUES(6 ,1 ,"NE VEM");
INSERT INTO podpodrocje(id_podrocje, id_podpodrocje, podpodrocje)
VALUES(6 ,2 ,"slovenska");
INSERT INTO podpodrocje(id_podrocje, id_podpodrocje, podpodrocje)
VALUES(6 ,3 ,"tuja");

INSERT INTO podpodrocje(id_podrocje, id_podpodrocje, podpodrocje)
VALUES(7 ,1 ,"NE VEM");
INSERT INTO podpodrocje(id_podrocje, id_podpodrocje, podpodrocje)
VALUES(7 ,2 ,"sociologija");
INSERT INTO podpodrocje(id_podrocje, id_podpodrocje, podpodrocje)
VALUES(7 ,3 ,"psihologija");
INSERT INTO podpodrocje(id_podrocje, id_podpodrocje, podpodrocje)
VALUES(7 ,4 ,"ekonomija");
INSERT INTO podpodrocje(id_podrocje, id_podpodrocje, podpodrocje)
VALUES(7 ,5 ,"filozofija");
INSERT INTO podpodrocje(id_podrocje, id_podpodrocje, podpodrocje)
VALUES(7 ,6 ,"umetnost");
INSERT INTO podpodrocje(id_podrocje, id_podpodrocje, podpodrocje)
VALUES(7 ,7 ,"zgodovina");
INSERT INTO podpodrocje(id_podrocje, id_podpodrocje, podpodrocje)
VALUES(7 ,8 ,"antropologija");
INSERT INTO podpodrocje(id_podrocje, id_podpodrocje, podpodrocje)
VALUES(7 ,9 ,"turizem, geografija");
INSERT INTO podpodrocje(id_podrocje, id_podpodrocje, podpodrocje)
VALUES(7 ,10 ,"vera in mistika");
INSERT INTO podpodrocje(id_podrocje, id_podpodrocje, podpodrocje)
VALUES(7 ,11 ,"politologija");

INSERT INTO podpodrocje(id_podrocje, id_podpodrocje, podpodrocje)
VALUES(8 ,1 ,"NE VEM");
INSERT INTO podpodrocje(id_podrocje, id_podpodrocje, podpodrocje)
VALUES(8 ,2 ,"slovar");
INSERT INTO podpodrocje(id_podrocje, id_podpodrocje, podpodrocje)
VALUES(8 ,3 ,"slovnica");
INSERT INTO podpodrocje(id_podrocje, id_podpodrocje, podpodrocje)
VALUES(8 ,4 ,"pravopis");
INSERT INTO podpodrocje(id_podrocje, id_podpodrocje, podpodrocje)
VALUES(8 ,5 ,"književnost");
INSERT INTO podpodrocje(id_podrocje, id_podpodrocje, podpodrocje)
VALUES(8 ,6 ,"literarna teorija");

INSERT INTO podpodrocje(id_podrocje, id_podpodrocje, podpodrocje)
VALUES(9 ,1 ,"NE VEM");
INSERT INTO podpodrocje(id_podrocje, id_podpodrocje, podpodrocje)
VALUES(9 ,2 ,"matematika");
INSERT INTO podpodrocje(id_podrocje, id_podpodrocje, podpodrocje)
VALUES(9 ,3 ,"fizika");
INSERT INTO podpodrocje(id_podrocje, id_podpodrocje, podpodrocje)
VALUES(9 ,4 ,"biologija");
INSERT INTO podpodrocje(id_podrocje, id_podpodrocje, podpodrocje)
VALUES(9 ,5 ,"kemija");
INSERT INTO podpodrocje(id_podrocje, id_podpodrocje, podpodrocje)
VALUES(9 ,6 ,"tehnika");
INSERT INTO podpodrocje(id_podrocje, id_podpodrocje, podpodrocje)
VALUES(9 ,7 ,"računalništvo");
INSERT INTO podpodrocje(id_podrocje, id_podpodrocje, podpodrocje)
VALUES(9 ,8 ,"logika");

INSERT INTO podpodrocje(id_podrocje, id_podpodrocje, podpodrocje)
VALUES(10 ,1 ,"NE VEM");
INSERT INTO podpodrocje(id_podrocje, id_podpodrocje, podpodrocje)
VALUES(10 ,2 ,"ročna dela");
INSERT INTO podpodrocje(id_podrocje, id_podpodrocje, podpodrocje)
VALUES(10 ,3 ,"vrt");
INSERT INTO podpodrocje(id_podrocje, id_podpodrocje, podpodrocje)
VALUES(10 ,4 ,"recepti");
INSERT INTO podpodrocje(id_podrocje, id_podpodrocje, podpodrocje)
VALUES(10 ,5 ,"oprema stanovanja");
INSERT INTO podpodrocje(id_podrocje, id_podpodrocje, podpodrocje)
VALUES(10 ,6 ,"zdravje");

INSERT INTO podpodrocje(id_podrocje, id_podpodrocje, podpodrocje)
VALUES(11 ,1 ,"NE VEM");
INSERT INTO podpodrocje(id_podrocje, id_podpodrocje, podpodrocje)
VALUES(11 ,2 ,"enciklopedija");
INSERT INTO podpodrocje(id_podrocje, id_podpodrocje, podpodrocje)
VALUES(11 ,3 ,"atlas");
INSERT INTO podpodrocje(id_podrocje, id_podpodrocje, podpodrocje)
VALUES(11 ,4 ,"šport in igre");


