INSERT INTO avtor(id_avtor, avtor)
VALUES (1, "NE VEM");



INSERT INTO jezik(id_jezik, jezik)
VALUES (1, "NE VEM");
INSERT INTO jezik(id_jezik, jezik)
VALUES (2, "slovenščina");
INSERT INTO jezik(id_jezik, jezik)
VALUES (3, "angleščina");
INSERT INTO jezik(id_jezik, jezik)
VALUES (4, "hrvaščina");
INSERT INTO jezik(id_jezik, jezik)
VALUES (5, "francoščina");
INSERT INTO jezik(id_jezik, jezik)
VALUES (6, "italijanščina");



INSERT INTO pozicija(id_pozicija, pozicija)
VALUES (1, "NEVEM");
INSERT INTO pozicija(id_pozicija, pozicija)
VALUES (2, "klet");
INSERT INTO pozicija(id_pozicija, pozicija)
VALUES (3, "dnevna");
INSERT INTO pozicija(id_pozicija, pozicija)
VALUES (4, "Adrian");
INSERT INTO pozicija(id_pozicija, pozicija)
VALUES (5, "oči");
INSERT INTO pozicija(id_pozicija, pozicija)
VALUES (6, "Leila");



INSERT INTO podrocje(id_podrocje, podrocje)
VALUES (1, "NE VEM");
INSERT INTO podrocje(id_podrocje, podrocje)
VALUES (2, "slo leposlovje");
INSERT INTO podrocje(id_podrocje, podrocje)
VALUES (3, "tuje leposlovje");
INSERT INTO podrocje(id_podrocje, podrocje)
VALUES (4, "otroško");
INSERT INTO podrocje(id_podrocje, podrocje)
VALUES (5, "dramatika");
INSERT INTO podrocje(id_podrocje, podrocje)
VALUES (6, "poezija");
INSERT INTO podrocje(id_podrocje, podrocje)
VALUES (7, "družboslovje");
INSERT INTO podrocje(id_podrocje, podrocje)
VALUES (8, "jezikoslovje");
INSERT INTO podrocje(id_podrocje, podrocje)
VALUES (9, "naravoslovje");
INSERT INTO podrocje(id_podrocje, podrocje)
VALUES (10, "dom");
INSERT INTO podrocje(id_podrocje, podrocje)
VALUES (11, "drugo");



INSERT INTO podpodrocje(id_podrocje, id_podpodrocje, podpodrocje)
VALUES(1 ,1 ,"NE VEM");

INSERT INTO podpodrocje(id_podrocje, id_podpodrocje, podpodrocje)
VALUES(2 ,1 ,"NE VEM");
INSERT INTO podpodrocje(id_podrocje, id_podpodrocje, podpodrocje)
VALUES(2 ,2 ,"detektivka");
INSERT INTO podpodrocje(id_podrocje, id_podpodrocje, podpodrocje)
VALUES(2 ,3 ,"vojni");
INSERT INTO podpodrocje(id_podrocje, id_podpodrocje, podpodrocje)
VALUES(2 ,4 ,"humor, komedija");
INSERT INTO podpodrocje(id_podrocje, id_podpodrocje, podpodrocje)
VALUES(2 ,5 ,"ljubezenski");
INSERT INTO podpodrocje(id_podrocje, id_podpodrocje, podpodrocje)
VALUES(2 ,6 ,"biografija");
INSERT INTO podpodrocje(id_podrocje, id_podpodrocje, podpodrocje)
VALUES(2 ,7 ,"potopis, dnevnik");
INSERT INTO podpodrocje(id_podrocje, id_podpodrocje, podpodrocje)
VALUES(2 ,8 ,"kratko(pravljica, novela)");
INSERT INTO podpodrocje(id_podrocje, id_podpodrocje, podpodrocje)
VALUES(2 ,9 ,"družbeni roman");
INSERT INTO podpodrocje(id_podrocje, id_podpodrocje, podpodrocje)
VALUES(2 ,10 ,"grozljivka");
INSERT INTO podpodrocje(id_podrocje, id_podpodrocje, podpodrocje)
VALUES(2 ,11 ,"zf, utopija, distopija");
INSERT INTO podpodrocje(id_podrocje, id_podpodrocje, podpodrocje)
VALUES(2 ,12 ,"zgodovinski");
INSERT INTO podpodrocje(id_podrocje, id_podpodrocje, podpodrocje)
VALUES(2 ,13 ,"eksotični");
INSERT INTO podpodrocje(id_podrocje, id_podpodrocje, podpodrocje)
VALUES(2 ,14 ,"eksistencializem");
INSERT INTO podpodrocje(id_podrocje, id_podpodrocje, podpodrocje)
VALUES(2 ,15 ,"erotika");

INSERT INTO podpodrocje(id_podrocje, id_podpodrocje, podpodrocje)
VALUES(3 ,1 ,"NE VEM");
INSERT INTO podpodrocje(id_podrocje, id_podpodrocje, podpodrocje)
VALUES(3 ,2 ,"detektivka");
INSERT INTO podpodrocje(id_podrocje, id_podpodrocje, podpodrocje)
VALUES(3 ,3 ,"vojni");
INSERT INTO podpodrocje(id_podrocje, id_podpodrocje, podpodrocje)
VALUES(3 ,4 ,"humor, komedija");
INSERT INTO podpodrocje(id_podrocje, id_podpodrocje, podpodrocje)
VALUES(3 ,5 ,"ljubezenski");
INSERT INTO podpodrocje(id_podrocje, id_podpodrocje, podpodrocje)
VALUES(3 ,6 ,"biografija");
INSERT INTO podpodrocje(id_podrocje, id_podpodrocje, podpodrocje)
VALUES(3 ,7 ,"potopis, dnevnik");
INSERT INTO podpodrocje(id_podrocje, id_podpodrocje, podpodrocje)
VALUES(3 ,8 ,"kratko(pravljica, novela)");
INSERT INTO podpodrocje(id_podrocje, id_podpodrocje, podpodrocje)
VALUES(3 ,9 ,"družbeni roman");
INSERT INTO podpodrocje(id_podrocje, id_podpodrocje, podpodrocje)
VALUES(3 ,10 ,"grozljivka");
INSERT INTO podpodrocje(id_podrocje, id_podpodrocje, podpodrocje)
VALUES(3 ,11 ,"zf, utopija, distopija");
INSERT INTO podpodrocje(id_podrocje, id_podpodrocje, podpodrocje)
VALUES(3 ,12 ,"zgodovinski");
INSERT INTO podpodrocje(id_podrocje, id_podpodrocje, podpodrocje)
VALUES(3 ,13 ,"eksotični");
INSERT INTO podpodrocje(id_podrocje, id_podpodrocje, podpodrocje)
VALUES(3 ,14 ,"eksistencializem");
INSERT INTO podpodrocje(id_podrocje, id_podpodrocje, podpodrocje)
VALUES(3 ,15 ,"erotika");

INSERT INTO podpodrocje(id_podrocje, id_podpodrocje, podpodrocje)
VALUES(4 ,1 ,"NE VEM");

INSERT INTO podpodrocje(id_podrocje, id_podpodrocje, podpodrocje)
VALUES(5 ,1 ,"NE VEM");
INSERT INTO podpodrocje(id_podrocje, id_podpodrocje, podpodrocje)
VALUES(5 ,2 ,"slovenska");
INSERT INTO podpodrocje(id_podrocje, id_podpodrocje, podpodrocje)
VALUES(5 ,3 ,"tuja");

INSERT INTO podpodrocje(id_podrocje, id_podpodrocje, podpodrocje)
VALUES(6 ,1 ,"NE VEM");
INSERT INTO podpodrocje(id_podrocje, id_podpodrocje, podpodrocje)
VALUES(6 ,2 ,"slovenska");
INSERT INTO podpodrocje(id_podrocje, id_podpodrocje, podpodrocje)
VALUES(6 ,3 ,"tuja");

INSERT INTO podpodrocje(id_podrocje, id_podpodrocje, podpodrocje)
VALUES(7 ,1 ,"NE VEM");
INSERT INTO podpodrocje(id_podrocje, id_podpodrocje, podpodrocje)
VALUES(7 ,2 ,"sociologija");
INSERT INTO podpodrocje(id_podrocje, id_podpodrocje, podpodrocje)
VALUES(7 ,3 ,"psihologija");
INSERT INTO podpodrocje(id_podrocje, id_podpodrocje, podpodrocje)
VALUES(7 ,4 ,"ekonomija");
INSERT INTO podpodrocje(id_podrocje, id_podpodrocje, podpodrocje)
VALUES(7 ,5 ,"filozofija");
INSERT INTO podpodrocje(id_podrocje, id_podpodrocje, podpodrocje)
VALUES(7 ,6 ,"umetnost");
INSERT INTO podpodrocje(id_podrocje, id_podpodrocje, podpodrocje)
VALUES(7 ,7 ,"zgodovina");
INSERT INTO podpodrocje(id_podrocje, id_podpodrocje, podpodrocje)
VALUES(7 ,8 ,"antropologija");
INSERT INTO podpodrocje(id_podrocje, id_podpodrocje, podpodrocje)
VALUES(7 ,9 ,"turizem, geografija");
INSERT INTO podpodrocje(id_podrocje, id_podpodrocje, podpodrocje)
VALUES(7 ,10 ,"vera in mistika");
INSERT INTO podpodrocje(id_podrocje, id_podpodrocje, podpodrocje)
VALUES(7 ,11 ,"politologija");

INSERT INTO podpodrocje(id_podrocje, id_podpodrocje, podpodrocje)
VALUES(8 ,1 ,"NE VEM");
INSERT INTO podpodrocje(id_podrocje, id_podpodrocje, podpodrocje)
VALUES(8 ,2 ,"slovar");
INSERT INTO podpodrocje(id_podrocje, id_podpodrocje, podpodrocje)
VALUES(8 ,3 ,"slovnica");
INSERT INTO podpodrocje(id_podrocje, id_podpodrocje, podpodrocje)
VALUES(8 ,4 ,"pravopis");
INSERT INTO podpodrocje(id_podrocje, id_podpodrocje, podpodrocje)
VALUES(8 ,5 ,"književnost");
INSERT INTO podpodrocje(id_podrocje, id_podpodrocje, podpodrocje)
VALUES(8 ,6 ,"literarna teorija");

INSERT INTO podpodrocje(id_podrocje, id_podpodrocje, podpodrocje)
VALUES(9 ,1 ,"NE VEM");
INSERT INTO podpodrocje(id_podrocje, id_podpodrocje, podpodrocje)
VALUES(9 ,2 ,"matematika");
INSERT INTO podpodrocje(id_podrocje, id_podpodrocje, podpodrocje)
VALUES(9 ,3 ,"fizika");
INSERT INTO podpodrocje(id_podrocje, id_podpodrocje, podpodrocje)
VALUES(9 ,4 ,"biologija");
INSERT INTO podpodrocje(id_podrocje, id_podpodrocje, podpodrocje)
VALUES(9 ,5 ,"kemija");
INSERT INTO podpodrocje(id_podrocje, id_podpodrocje, podpodrocje)
VALUES(9 ,6 ,"tehnika");
INSERT INTO podpodrocje(id_podrocje, id_podpodrocje, podpodrocje)
VALUES(9 ,7 ,"računalništvo");
INSERT INTO podpodrocje(id_podrocje, id_podpodrocje, podpodrocje)
VALUES(9 ,8 ,"logika");

INSERT INTO podpodrocje(id_podrocje, id_podpodrocje, podpodrocje)
VALUES(10 ,1 ,"NE VEM");
INSERT INTO podpodrocje(id_podrocje, id_podpodrocje, podpodrocje)
VALUES(10 ,2 ,"ročna dela");
INSERT INTO podpodrocje(id_podrocje, id_podpodrocje, podpodrocje)
VALUES(10 ,3 ,"vrt");
INSERT INTO podpodrocje(id_podrocje, id_podpodrocje, podpodrocje)
VALUES(10 ,4 ,"recepti");
INSERT INTO podpodrocje(id_podrocje, id_podpodrocje, podpodrocje)
VALUES(10 ,5 ,"oprema stanovanja");
INSERT INTO podpodrocje(id_podrocje, id_podpodrocje, podpodrocje)
VALUES(10 ,6 ,"zdravje");

INSERT INTO podpodrocje(id_podrocje, id_podpodrocje, podpodrocje)
VALUES(11 ,1 ,"NE VEM");
INSERT INTO podpodrocje(id_podrocje, id_podpodrocje, podpodrocje)
VALUES(11 ,2 ,"enciklopedija");
INSERT INTO podpodrocje(id_podrocje, id_podpodrocje, podpodrocje)
VALUES(11 ,3 ,"atlas");
INSERT INTO podpodrocje(id_podrocje, id_podpodrocje, podpodrocje)
VALUES(11 ,4 ,"šport in igre");


